{"cameraMode":{"drawMode":0,"name":"Shaded","section":"Shading Mode"},"sceneLighting":false,"audioPlay":false,"sceneViewState":{"m_AlwaysRefresh":false,"showFog":true,"showSkybox":false,"showFlares":true,"showImageEffects":true,"showParticleSystems":true,"showVisualEffectGraphs":true,"m_FxEnabled":true},"in2DMode":false,"pivot":{"x":-2.874218702316284,"y":0.5385943651199341,"z":1.4067426919937134},"rotation":{"x":0.013461939990520478,"y":0.9431898593902588,"z":-0.038513410836458209,"w":0.3297204375267029},"size":0.6569780111312866,"orthographic":false}