{"cameraMode":{"drawMode":0,"name":"Shaded","section":"Shading Mode"},"sceneLighting":false,"audioPlay":false,"sceneViewState":{"m_AlwaysRefresh":false,"showFog":true,"showSkybox":false,"showFlares":true,"showImageEffects":true,"showParticleSystems":true,"showVisualEffectGraphs":true,"m_FxEnabled":true},"in2DMode":false,"pivot":{"x":-19.73257064819336,"y":8.914997100830079,"z":20.706701278686525},"rotation":{"x":0.039138782769441608,"y":0.9568079113960266,"z":-0.15373210608959199,"w":0.24360060691833497},"size":0.24779944121837617,"orthographic":false}