{"cameraMode":{"drawMode":0,"name":"Shaded","section":"Shading Mode"},"sceneLighting":false,"audioPlay":false,"sceneViewState":{"m_AlwaysRefresh":false,"showFog":true,"showSkybox":false,"showFlares":true,"showImageEffects":true,"showParticleSystems":true,"showVisualEffectGraphs":true,"m_FxEnabled":true},"in2DMode":false,"pivot":{"x":2.343214988708496,"y":0.43285703659057619,"z":2.0492515563964845},"rotation":{"x":-0.10955639183521271,"y":0.8633201718330383,"z":-0.21292562782764436,"w":-0.44419920444488528},"size":0.8660253882408142,"orthographic":false}